"1","2018-07-13 09:42:00","चीन के सबसे बड़े केमिकल प्लांट में ब्लास्ट, 19 की मौत, 12 घायल","दुनिया","world","hi"
"3","2018-07-16 13:47:00","50 लाख की आबादी वाला क्रोएशिया फुटबॉल फाइनल खेल रहा और हम 135 करोड़ लोग हिंदू-मुस्लिम: हरभजन सिंह","भारत","india","hi"
"4","2018-07-16 12:00:00","स्विस बैंकों में भारतीयों के 7000 करोड़ रुपए जमा, इनमें से 300 करोड़ रुपए के दावेदार तीन साल से नहीं मिल रहे","भारत","india","hi"
"5","2018-07-16 11:55:00","इनकम टैक्स रिटर्न: इन चार टिप्स को अपनाकर आप भी पा सकते हैं टैक्स में भारी छूट","भारत","india","hi"
"6","2018-07-16 11:10:00","साकेत कोर्ट में सीनियर एडवोकेट ने चैंबर में महिला वकील को पीटा, शराब पिलाई और दुष्कर्म करके चैंबर के बाहर फेंका","भारत","india","hi"
"8","2018-07-16 06:40:00","हत्या या खुदकुशी‌: तीसरी मंजिल से गिरकर एयर होस्टेस की मौत; पिता बोले- टॉर्चर करता था पति","भारत","india","hi"
"9","2018-07-16 06:28:00","भारत आएगा न्यूटन का सेब का पेड़; पुणे के आईयूसीएए में फिर से न्यूटन के एपल ट्री को उगाने की कोशिशें","भारत","india","hi"
"10","2018-07-16 06:01:00","फेसबुक डेटा लीक की जानकारी सार्वजनिक नहीं करेगी सरकार","भारत","india","hi"
"13","2018-07-17 12:50:00","भोपाल, इंदौर और उज्जैन में 24 घंटे तक भारी बारिश की चेतावनी, गुजरात के 7 जिलों में नदी-नाले उफान पर","भारत","india","hi"
"15","2018-07-15 22:08:00","कर्नाटक: चॉकलेट बांट रहे युवकों को भीड़ ने बच्चा चोरी के शक में पीटा; इंजीनियर की मौत, 3 जख्मी","भारत","india","hi"
"17","2018-07-17 12:29:00","सुप्रीम कोर्ट ने कहा- भीड़तंत्र को नए कानून के रूप में मान्यता नहीं दे सकते, इसे फौलादी हाथों से खत्म कर देंगे","भारत","india","hi"
"19","2018-07-17 12:18:00","बच्चों के भविष्य के लिए अपनाएं चिल्ड्रेंस फंड, क्योंकि 20 साल बाद बच्चों की पढ़ाई का खर्च आप पर पड़ेगा भारी","भारत","india","hi"
"21","2018-07-17 12:06:00","मनोहर पर्रिकर ने कहा- क्या मैं सेना से कहता कि सर्जिकल स्‍ट्राइक के लिए राहुल गांधी को साथ ले जाएं","भारत","india","hi"
"24","2018-07-17 11:14:00","सऊदी अरब की नई नीतियों और दोगुने फैमिली टैक्स की वजह से भारतीय देश लौटने को मजबूर","भारत","india","hi"
"26","2018-07-17 09:58:00","अभिनेत्री रीता भादुड़ी का निधन, 70 फिल्मों और 20 से ज्यादा धारावाहिकों में किया था काम","भारत","india","hi"
"28","2018-07-17 12:46:00","भारत-इंग्लैंड तीसरा वनडे आज शाम 5 बजे से, लगातार 10वीं सीरीज जीतने पर टीम इंडिया की नजर","खेल","sports","hi"
"30","2018-07-17 09:46:00","28 साल पहले आतंकी बनने के लिए पाकिस्तान गया शख्स गायक बना, उसका कश्मीरी गाना हो रहा है हिट","भारत","india","hi"
"34","2018-07-17 06:44:00","एसबीआई ने मर्ज हुए पांच बैंकों से पैसा वापस मांगा; नोटबंदी के समय ओवरटाइम के भुगतान का मामला, 70 हजार कर्मचारी नाराज","भारत","india","hi"
"36","2018-07-16 20:15:00","बॉल टेम्परिंग: श्रीलंका क्रिकेट टीम के कप्तान चंडीमल और कोच हाथरूसिंघा पर 4 वनडे और 2 टेस्ट मैचों का प्रतिबंध","खेल","sports","hi"
"38","2018-07-17 12:36:00","यादें शेष: रीता भादुड़ी को हो गया था मौत का आभास, बीमारी में 15 दिन पहले तक कर रही थीं शो की शूटिंग","मनोरंजन","entertainment","hi"
"40","2018-07-17 06:04:00","केंद्र को सुप्रीम कोर्ट की फटकार; कहा- प्रदूषण से 60 हजार मौते हुईं, लोगों की जान अहम या उद्योग","भारत","india","hi"
"43","2018-07-16 18:55:00","वर्ल्ड कप के सबसे चर्चित खिलाड़ी एम्बाप्पे साढ़े तीन करोड़ रुपए की अपनी पूरी कमाई दान करेंगे","खेल","sports","hi"
"44","2018-07-17 11:27:00","न्यूयॉर्क की सड़कों पर प्रियंका ने शूट किया हॉलीवुड फिल्म का गाना, सामने आईं PHOTOS","मनोरंजन","entertainment","hi"
"45","2018-07-16 22:40:00","मिदनापुर रैली में पंडाल गिरने से 67 जख्मी, मोदी ने भाषण रोककर एसपीजी जवानों को मदद के लिए भेजा","भारत","india","hi"
"47","2018-07-16 17:27:00","वर्ल्ड कप चैम्पियन फ्रांस की ऐसी थी रणनीति- हर मैच 90 मिनट में जीता, 3 स्टार खिलाड़ियों की जगह 4 नए चेहरों को मौका दिया","खेल","sports","hi"
"49","2018-07-16 14:08:00","दाऊद, राहुल या मोहन भागवत से पूछ सकते हैं, 'मुल्क' में किसी का पैसा नहीं लगा : अनुभव सिन्हा का ट्रोलर्स को जवाब","मनोरंजन","entertainment","hi"
"51","2018-07-16 22:37:00","पत्नी की मौत के बाद हफ्तेभर लाश के सामने बैठा रहा लकवाग्रस्त पति; रिश्तेदार घर आया, तब हुआ अंतिम संस्कार","भारत","india","hi"
"53","2018-07-16 16:30:00","वर्ल्ड चैम्पियन फ्रांस को मिले 260 करोड़ रुपए, क्रिकेट और रग्बी वर्ल्ड कप विजेता से 10 गुना ज्यादा","खेल","sports","hi"
"55","2018-07-16 13:38:00","35वें बर्थ डे पर बोलीं कटरीना कैफ, 'प्यार जब होना होगा तभी होगा,अभी खुद के बारे में सोच रही हूं'","मनोरंजन","entertainment","hi"
"58","2018-07-16 20:30:00","​डेटा की गोपनीयता का अधिकार ग्राहकों को मिलना चाहिए, कंपनियां इसकी मालिक नहीं: ट्राई","भारत","india","hi"
"59","2018-07-16 15:30:00","फीफा फाइनल: पोग्बा ने साथी खिलाड़ियों से कहा था- सपना पूरा होने से 90 मिनट दूर, जो हमें इतिहास में अमर कर देगा","खेल","sports","hi"
"61","2018-07-16 13:37:00","शाहिद कपूर की वाइफ मीरा राजपूत का बेबी शॉवर, ईशान खट्टर के साथ पहुंची जाह्नवी कपूर","मनोरंजन","entertainment","hi"
"63","2018-07-16 18:39:00","इफको ने शुरू किया आई-मंडी ऐप, पांच करोड़ किसान घर बैठे खरीद सकेंगे खाद-बीज","भारत","india","hi"
"65","2018-07-16 13:06:00","फ्रांस 20 साल बाद फिर चैम्पियन: फाइनल में क्रोएशिया को 4-2 से हराया, हर मैच में पहला गोल कर विपक्षी पर दबाव बनाया","खेल","sports","hi"
"67","2018-07-16 13:12:00","Birthday Spl: 16 साल पुराने इस टीवी एड से कटरीना कैफ ने किया था डेब्यू, फनी वीडियो में दिखा था ग्लैमर","मनोरंजन","entertainment","hi"
"69","2018-07-16 17:09:00","शताब्दी एक्सप्रेस समेत 15 अन्य ट्रेनों में 25 जुलाई से मिलेगा सीजनल वेज, ग्रीन-टी का टेस्ट भी ले सकेंगे आप","भारत","india","hi"
"71","2018-07-16 12:28:00","एशियन गेम्स में उतरेगा भारत का 825 सदस्यों का दल, राजधानी दिल्ली से हुआ मशाल रैली का आगाज","खेल","sports","hi"
"74","2018-07-16 12:37:00","पीरियड फिल्म में नागा साधु के किरदार में नजर आएंगे सैफ अली खान","मनोरंजन","entertainment","hi"
"76","2018-07-16 17:07:00","तिरुअनंतपुरम में शशि थरूर के दफ्तर पर हमला, भाजपा कार्यकर्ताओं पर कालिख फेंकने का आरोप","भारत","india","hi"
"78","2018-07-15 22:24:00","फ्रांस 20 साल बाद फिर चैम्पियन, क्रोएशिया को 4-2 से हराया; लगातार 7वें मैच में पहला गोल दागकर विपक्षी टीम पर दबाव बनाया","खेल","sports","hi"
"80","2018-07-16 12:33:00","'ठग्स ऑफ हिंदोस्तान' की शूटिंग में लगे 200 करोड़, सबसे ज्यादा खर्च हुआ एक्शन सीन्स पर","मनोरंजन","entertainment","hi"
"82","2018-07-16 16:45:00","LPU: आईआईटी से कम नहीं है यह संस्थान, यहां मिलेगी फ्यूचर की गारंटी","भारत","india","hi"
"84","2018-07-15 16:04:00","थाईलैंड ओपन के फाइनल में पीवी सिंधु हारीं, जापान की ओकुहारा ने 21-15, 21-18 से जीता मुकाबला","खेल","sports","hi"
"86","2018-07-16 12:22:00","बंपर कमाई के बाद भी 'संजू' सलमान की 'बजरंगी भाईजान' सहित 6 फिल्मों से पीछे, 'बाहुबली-2' के के आसपास भी नहीं","मनोरंजन","entertainment","hi"
"88","2018-07-16 16:27:00","गरीब रथ का किराया होगा महंगा, बेडरोल, तकिया और कंबल का किराया भी आपकी टिकट में जुड़ेगा","भारत","india","hi"
"89","2018-07-15 15:11:00","इंग्लैंड के खिलाफ धोनी की धीमी पारी का कोहली ने किया बचाव, कहा- उन पर सवाल खड़े करना दुर्भाग्यपूर्ण","खेल","sports","hi"
"90","2018-07-16 11:33:00","वैक्स स्टैच्यू का मेजरमेंट देने के बाद सूरमा दिलजीत दोसांझ बोले- फाइनली ये दिन भी आ गया","मनोरंजन","entertainment","hi"
"92","2018-07-16 14:31:00","राहुल ने मोदी को लिखी चिट्ठी- संसद में महिला आरक्षण बिल लाएं, कांग्रेस बिना शर्त समर्थन देने को तैयार","भारत","india","hi"
"93","2018-07-15 15:05:00","विश्वकप फाइनल रात 8:30 बजे से: फ्रांस-क्रोएशिया को यहां तक लाने में उसके 5-5 खिलाड़ियों का अहम रोल","खेल","sports","hi"
"94","2018-07-16 11:32:00","तलाक पर सचिन ने तोड़ी चुप्पी कहा- जूही ने मुझे कभी प्यार ही नहीं किया, मैं एक लव लेस शादी का हिस्सा रहा","मनोरंजन","entertainment","hi"
"96","2018-07-16 14:12:00","भास्कर पड़ताल: 8 सबूत जिनसे शक कि झारखंड में व्यापारी परिवार के 6 लोगों की हत्या हुई","भारत","india","hi"
"98","2018-07-15 08:49:00","हिमा दास को टोक्यो ओलिंपिक तक आर्थिक मदद देगी सरकार, वर्ल्ड अंडर-20 एथलेटिक्स में जीता था गोल्ड","खेल","sports","hi"
"100","2018-07-16 11:29:00","65 की उम्र में शक्ति कपूर ने किया इंस्टाग्राम डेब्यू, फैन्स बोले- वेलकम क्राइम मास्टर गोगो","मनोरंजन","entertainment","hi"
"102","2018-07-16 14:08:00","उत्तराखंड में बादल फटने से दुकानों और घरों को नुकसान, हिमकोटी में भूस्खलन से वैष्णो देवी यात्रा रोकी गई","भारत","india","hi"
"104","2018-07-15 08:45:00","फुटबॉल विश्व कप में बेल्जियम का सर्वश्रेष्ठ प्रदर्शन, पहली बार तीसरे स्थान पर रहा; इंग्लैंड को 2-0 से हराया","खेल","sports","hi"
"106","2018-07-15 19:42:00","विद्या बालन के बाद एनटीआर की बायोपिक में रविकिशन की एंट्री, लुक के साथ ट्विटर पर जाहिर की खुशी","मनोरंजन","entertainment","hi"
"109","2018-07-16 13:58:00","ITR भरते समय ध्यान दें: आप नौकरीपेशा हैं तो इस बार देनी होगी भत्तों की जानकारी","भारत","india","hi"
"111","2018-07-14 21:41:00","पिता के साथ खेती करती थीं हिमा, 18 महीने पहले किसी प्रतियोगिता में पहली बार उतरीं, अब वर्ल्ड अंडर-20 एथलेटिक्स में जीता गोल्ड","खेल","sports","hi"
"113","2018-07-15 15:21:00","कैंसर के कारण कम हुआ इरफान खान का वजन, लंदन से सामने आई पहली फोटो","मनोरंजन","entertainment","hi"
"117","2018-07-14 21:31:00","विम्बलडन: जोकोविक ने सेमीफाइनल में नडाल को हराया, खिताबी मुकाबले में दक्षिण अफ्रीका के एंडरसन से भिड़ंत","खेल","sports","hi"
"119","2018-07-15 14:17:00","महेश भट्ट को हर फिल्म की कमाई से हिस्सा देते हैं अनुपम खेर, 34 सालों से चुका रहे कर्ज","मनोरंजन","entertainment","hi"
"125","2018-07-14 17:17:00","बैडमिंटन: थाईलैंड ओपन के फाइनल में पहुंची सिंधु, इंडोनेशिया की तुनजुंग को दी मात","खेल","sports","hi"
"126","2018-07-15 13:03:00","तैयार हो रहा देसी रैम्बो, ऋतिक रोशन से बेहतर बॉडी बनाने टाइगर श्राॅफ उठा रहे 190 किलो वजन","मनोरंजन","entertainment","hi"
"128","2018-07-14 15:09:00","दूसरा वनडेः इंग्लैंड ने भारत के खिलाफ टॉस जीतकर बल्लेबाजी का फैसला किया, दोनों टीमों में कोई बदलाव नहीं","खेल","sports","hi"
"129","2018-07-14 19:43:00","पायल रोहतगी और पहलवान संग्राम सिंह नवंबर में करेंगे शादी, 4 साल पहले की थी सगाई","मनोरंजन","entertainment","hi"
"131","2018-07-14 14:40:00","फीफा: तीसरे स्थान के लिए बेल्जियम-इंग्लैंड में मुकाबला आज, इस विश्व कप में दूसरी बार दोनों आमने-सामने","खेल","sports","hi"
"132","2018-07-14 19:09:00","स्कारलेट जोहांसन ने विवादों के बाद  फिल्म 'रब एंड टग' से बहार होने का फैसला किया","मनोरंजन","entertainment","hi"
"134","2018-07-14 18:49:00","ड्राइवर की 12 साल की भांजी हुई किडनैप,परेशान जॉन अब्राहम बोले-'मैं चिंता में सो नहीं पा रहा हूं'","मनोरंजन","entertainment","hi"
"136","2018-07-14 17:44:00","ओपनिंग डे पर दिलजीत की सूरमा ने कमाए Rs 3.25  करोड़","मनोरंजन","entertainment","hi"
"138","2018-07-14 17:21:00","100 करोड़ में बनी संजू ने 15 दिन में 500 करोड़ रुपए कमाए, इस साल दुनियाभर में सबसे ज्यादा कलेक्शन करने वाली फिल्म","मनोरंजन","entertainment","hi"
"140","2018-07-14 16:37:00","फन्ने खां का नया गाना हल्का सुरूर रिलीज,11 साल छोटे राजकुमार राव के साथ दिखी ऐश्वर्या राय की रोमांटिक केमिस्ट्री","मनोरंजन","entertainment","hi"
"143","2018-07-14 13:24:00","संजय दत्त की बेटी त्रिशाला ने कहा - ‘मुझे नहीं मालूम पैरेंट्स के बिना रहना  कैसा लगता है’","मनोरंजन","entertainment","hi"
"145","2018-07-14 11:56:00","सलमान खान ने भरा था 'डॉ. हाथी' का हॉस्पिटल बिल, वजन घटाने के लिए हुई थी सर्जरी","मनोरंजन","entertainment","hi"
"147","2018-07-14 10:57:00","10 साल बाद ‘तानाजी’ में साथ नजर आ सकते हैं अजय-काजोल","मनोरंजन","entertainment","hi"
"149","2018-07-13 19:44:00","Movie review: खत्म हो चुकी उम्मीदों के जिंदा होने की कहानी है सूरमा, आखिरी मिनट तक कायम रहता है रोमांच","मनोरंजन","entertainment","hi"
"151","2018-07-13 19:24:00","300 किमी पैदल चलने के बाद सैंटियागो में मिलिंद सोमन ने अंकिता कंवर से रचाई दोबारा शादी, लिखा यही थी ड्रीम वेडिंग","मनोरंजन","entertainment","hi"
"153","2018-07-13 19:20:00","52 साल में पहली बार दिलीप कुमार के बिना नजर आईं सायरा, ट्वीट कर कहा- मेरे कोहिनूर के लिए दुआ करें","मनोरंजन","entertainment","hi"
"156","2018-07-13 18:53:00","'हाथी भाई के घर हमें देखकर हंस रहे थे लोग', भड़कीं 'तारक मेहता...' की बबिताजी ने बताई कवि कुमार आजाद अंतिम दर्शन के दौरान गुस्सा होने की असली वजह","मनोरंजन","entertainment","hi"
"159","2018-07-13 18:02:00","400 से ज्यादा फिल्मों में विग डिजाइन करने वाले भाइयों ने रणबीर को बनाया संजू, बोले-'बहुत चैलेंजिंग था'","मनोरंजन","entertainment","hi"
"176","2018-07-17 12:26:38","INDvENG: टीम इंडिया के प्लेइंग XI में दिख सकता है बड़ा बदलाव, जानें मैच से जुड़े सभी फैक्ट्स और स्टैट्स","क्रिकेट","cricket","hi"
"183","2018-07-16 11:08:10","ENGvIND: 2nd ODI में एमएस धौनी के साथ हुई थी ये शर्मनाक हरकत, जानें क्या था पूरा मामला","क्रिकेट","cricket","hi"
"189","2018-07-17 13:00:25","TWITTER TROLL: गर्लफ्रेंड ने बोला 'भाई' तभी राहुल शून्य पर हुए थे आउट","क्रिकेट","cricket","hi"
"193","2018-07-17 12:56:23","VIDEO: विराट कोहली ने भारतीय क्रिकेट फैंस की देशभक्ति को किया सलाम","क्रिकेट","cricket","hi"
"196","2018-07-17 11:37:07","VIDEO: इंग्लैंड के खिलाफ निर्णायक मुकाबले से पहले टीम इंडिया के लिए आई खुशखबरी","क्रिकेट","cricket","hi"
"200","2018-07-17 11:10:20","VIDEO: पाकिस्तानी गेंदबाज हसन अली को भारी पड़ा जरूरत से ज्यादा जोशीला जश्न, लचक गई गर्दन","क्रिकेट","cricket","hi"
"203","2018-07-17 09:18:28","विराट कोहली की कंपनी के नाम पर की धोखाधड़ी, ठगे लाखों रुपए","क्रिकेट","cricket","hi"
"206","2018-07-17 09:57:50","इंग्लैंड के खिलाफ निर्णायक वनडे में भारत को इन तीन कमियों पर देना होगा ध्यान","क्रिकेट","cricket","hi"
"209","2018-07-17 09:13:00","ENGvsIND FINAL ODI: जानें कब, कहां और कैसे देख सकेंगे मैच का लाइव प्रसारण?","क्रिकेट","cricket","hi"
"212","2018-07-17 08:17:50","ENGvsIND: क्या इंग्लैंड को हरा टीम इंडिया जीत पाएगी लगातार 10वीं सीरीज?","क्रिकेट","cricket","hi"
"216","2018-07-17 07:12:33","ZIMvsPAK: फखर जमान ने खेली नाबाद शतकीय पारी, 9 विकेट से जीता पाकिस्तान","क्रिकेट","cricket","hi"
"221","2018-07-17 06:51:59","ENGvsIND: टेस्ट सीरीज से पहले कुक ने टीम इंडिया के लिए बजायी खतरे की घंटी","क्रिकेट","cricket","hi"
"227","2018-07-16 23:39:49","INDvENG: फाइनल मैच से पहले इंग्लैंड के सामने आई बड़ी मुसीबत!","क्रिकेट","cricket","hi"
"234","2018-07-16 21:17:02","महिला क्रिकेट टीम में विवाद के बीच रमेश पोवार को मिली बड़ी जिम्मेदारी","क्रिकेट","cricket","hi"
"240","2018-07-16 20:28:15","PHOTO: इंग्लैंड में आखिर किसे मिस कर रही हैं साक्षी, शेयर की ये फोटो","क्रिकेट","cricket","hi"
"246","2018-07-16 17:38:57","SLvSA: श्रीलंका के कप्तान चांदीमल पर फिर गिरी ICC की गाज, छह मैचों के लिए बैन","क्रिकेट","cricket","hi"
"248","2018-07-14 13:20:00","फाइनल कल: फ्रांस के 78.3% खिलाड़ी शरणार्थी परिवारों से, क्रोएशिया के 15.4% खिलाड़ी विदेश में जन्मे","खेल","sports","hi"
"253","2018-07-16 12:58:08","ind vs eng देवरों और पति विराट के साथ अनुष्का शर्मा ने किया ट्रेन में सफर, देखें तस्वीरें","क्रिकेट","cricket","hi"
"255","2018-07-13 15:59:00","क्रोएशिया फाइनल में पहुंची तो राष्ट्रपति कोलिंडा ने किया डांस, मैच देखने इकोनॉमी क्लास में सफर कर पहुंची थीं रूस","खेल","sports","hi"
"259","2018-07-16 16:42:02","INDvENG 3rd ODI: टीम इंडिया के लिए ये हैं दो बड़े सिरदर्द, जानिए कैसी होगी रणनीति","क्रिकेट","cricket","hi"
"260","2018-07-13 15:58:00","थाईलैंड ओपन: प्रणॉय, कश्‍यप और सिंधु प्री-क्वार्टर फाइनल में पहुंचे, समीर वर्मा टूर्नामेंट से बाहर","खेल","sports","hi"
"262","2018-07-16 15:20:28","7 लाख के डिनर बिल पर ट्रोल हुए आकाश चोपड़ा, जानिए क्या है पूरा सच?","क्रिकेट","cricket","hi"
"263","2018-07-13 15:38:00","फीफाः 10 बार चैम्पियन टीम के खिलाड़ी को मिले गोल्डन ग्लव-गोल्डन बॉल, टॉप गोल स्कोरर की टीम 5 बार ही जीती","खेल","sports","hi"
"265","2018-07-16 16:05:57","जब 2nd ODI की हार भुलाने अपनी-अपनी पत्नियों के साथ निकले विराट औैर रोहित","क्रिकेट","cricket","hi"
"266","2018-07-13 14:29:00","विम्बलडनः 10 महीने पहले बेटी को जन्म देने वालीं सेरेना विलियम्स 10वीं बार फाइनल में, केर्बर से होगा सामना","खेल","sports","hi"
"267","2018-07-13 11:58:00","रोहित शर्मा का 18वां शतक, भारत ने इंग्लैंड को 8 विकेट से हराया; कुलदीप यादव ने 6 विकेट लिए","खेल","sports","hi"
"268","2018-07-12 20:56:00","बैडमिंटन : थाईलैंड ओपन के क्वार्टर फाइनल में पहुंची सिंधू, हॉन्गकॉन्ग की यिप पुई को दी मात","खेल","sports","hi"
"269","2018-07-12 19:43:00","6 जुलाई को 6 अल्फाबेट और 7 जुलाई को 7 अल्फाबेट वाली टीमें क्वार्टर फाइनल में जीतीं, बेल्जियम बनी अपवाद","खेल","sports","hi"
"270","2018-07-12 16:06:00","फीफाः बिग बी और अभिषेक बच्चन बेल्जियम-फ्रांस का सेमीफाइनल मैच देखने  रूस पहुंचे , इंस्टाग्राम पर साझा की तस्वीर","खेल","sports","hi"
"271","2018-07-12 14:24:00","फील्डिंग को लेकर कुलदीप यादव पर भड़के थे धोनी, कहा था- 'क्या मैं पागल हूं यहां पे, मैं 300 वनडे खेल चुका हूं'","खेल","sports","hi"
"275","2018-07-17 10:53:31","सुप्रीम कोर्ट ने की मॉब लिंचिंग की आलोचना, कहा-'भीड़ को हिंसा की इजाजत नहीं, कानून बनाए संसद'","प्रमुख समाचार","latest","hi"
"277","2018-07-17 11:50:18","सोनिया गांधी के ‘विदेशी मूल' का मुद्दा उठाने पर मायावती ने पार्टी नेता को पद से हटाया","प्रमुख समाचार","latest","hi"
"283","2018-07-17 12:22:48","रीता भादुड़ी की मौत पर अनिल कपूर समेत इन स्टार्स ने जताया शोक","प्रमुख समाचार","latest","hi"
"287","2018-07-17 08:07:16","SBI PO prelims Result 2018: एसबीआई पीओ प्रीलिम्स परीक्षा के नतीजे घोषित, इस लिंक पर क्लिक कर चेक करें नतीजे","प्रमुख समाचार","latest","hi"
"290","2018-07-17 11:52:02","Amazon के फाउंडर जेफ बेजोस बने मॉर्डन हिस्ट्री के सबसे अमीर शख्स, कुल संपत्ति 150 बिलियन डॉलर हुई","प्रमुख समाचार","latest","hi"
"293","2018-07-17 12:25:34","शाहरूख खान की बेटी सुहाना खान ने फिर शेयर की हॉट फोटो, कुछ ही घंटों में हो गई वायरल","प्रमुख समाचार","latest","hi"
"296","2018-07-17 11:11:22","खुलासा: बलात्कार के आरोपी को 30 साल बाद कंडोम ने पकड़वाया, जानें कैसे","प्रमुख समाचार","latest","hi"
"299","2018-07-17 12:45:04","Jio vs Vodafone vs Airtel vs BSNL: 200 रुपये में आ रहे हैं ये 1.5 जीबी वाले प्लान्स, जानिए इनके बारे में","प्रमुख समाचार","latest","hi"
"310","2018-07-17 11:39:04","स्विट्जरलैंड में पहली बार हॉलिडे मनाने गए ये टीवी कपल, शेयर की अपनी प्राइवेट PHOTOS","प्रमुख समाचार","latest","hi"
"316","2018-07-17 10:48:49","मौसम अलर्ट: बिहार-यूपी में उमस भरी गर्मी, बारिश के आसार नहीं, दिल्ली में सुबह आंशिक बदली छाई","प्रमुख समाचार","latest","hi"
"329","2018-07-17 06:55:56","चेन्नई: 11 साल की बच्ची का 15 लोगों ने किया यौन उत्पीड़न, 18 गिरफ्तार आरोपियों में सिक्योरिटी गार्ड, लिफ्टमैन भी शामिल","प्रमुख समाचार","latest","hi"
"341","2018-07-17 12:51:45","दिल्‍ली : 6 साल की बच्ची से दरिंदगी करने वाला गिरफ्तार, किन्नर अब भी फरार","प्रमुख समाचार","latest","hi"
"347","2018-07-17 12:42:32","लालू से TDP के सांसदों ने की मुलाकात, सरकार के खिलाफ अविश्वास प्रस्ताव लाने की तैयारी","प्रमुख समाचार","latest","hi"
"353","2018-07-17 12:35:13","निक का खुलासा, बताया इस वजह से पसंद है 10 साल बड़ी प्रियंका चोपड़ा, देखें VIDEO","प्रमुख समाचार","latest","hi"
"364","2018-07-14 15:35:09","UPSC Civil Services Prelims 2018 Results घोषित, यहां देखें पूरा रिजल्ट","प्रमुख समाचार","latest","hi"
"368","2018-07-17 10:56:43","कमल हसन ने रीता भादुड़ी के साथ किया था फिल्मों में डेब्यू, मिला था फिल्मफेयर अवॉर्ड-VIDEO","प्रमुख समाचार","latest","hi"
"374","2018-07-17 11:13:29","World Emoji Day 2018: एप्पल की घोषणा, इस साल आएंगे 70 नए इमोजी","प्रमुख समाचार","latest","hi"
"378","2018-07-17 08:26:04","SBI po prelims result 2018: ऐसे चेक करें sbi.co.in से SBI पीओ रिजल्ट","प्रमुख समाचार","latest","hi"
"382","2018-07-17 11:01:46","Gupt Navratri 2018: गुप्त नवरात्रि की पांचवी महाविद्या हैं छिन्नमस्ता","प्रमुख समाचार","latest","hi"
"387","2018-07-17 06:30:12","गैंगरेप और सुसाइड पर सीएम योगी की बड़ी कार्रवाई, संभल और प्रतापगढ़ के एसपी सस्पेंड","प्रमुख समाचार","latest","hi"
"393","2018-07-17 10:38:43","बिहार: प्रसाद खाने से 33 लोग हुए बीमार, जमीन पर लिटाकर डॉक्टरों ने किया इलाज","प्रमुख समाचार","latest","hi"
"400","2018-07-17 11:55:20","बच्चे बेचे जाने का मामला: मेनका गांधी ने दिए मिशनरीज ऑफ चैरिटी के बाल सुविधा गृह की जांच के आदेश","प्रमुख समाचार","latest","hi"
"412","2018-07-17 10:26:39","राहुल गांधी पर बयान देने वाले BSP नेता जय प्रकाश सिंह को पार्टी प्रमुख मायावती ने पद से हटाया","प्रमुख समाचार","latest","hi"
"417","2018-07-17 10:53:30","INDIAN IDOL 10: अनु मलिक और नेहा में हुई ऐसी बहस, कंटेस्टेंट भी हो गई Shocked","प्रमुख समाचार","latest","hi"
"420","2018-07-17 10:46:45","BSNL यूजर्स के लिए शानदार खबर, कंपनी के अधिकारी ने किया बड़ा ऐलान","प्रमुख समाचार","latest","hi"
"424","2018-07-17 10:32:12","तो इस कारण प्रियंका चोपड़ा भारत में नहीं मनाएंगी अपना जन्मदिन, सामने आई ये वजह","प्रमुख समाचार","latest","hi"
"449","2018-07-17 06:57:00","कुलभूषण जाधव केस: पाकिस्तान आज आईसीजे में अपना जवाबी हलफनामा करेगा दाखिल","दुनिया","world","hi"
"469","2018-07-17 12:20:58","धोनी को देख गावसकर को याद आए अपने 'बदनाम' 36 रन","प्रमुख समाचार","latest","hi"
"473","2018-07-17 09:57:11","राहुल को बोला 'विदेशी', मायावती ने कर दी छुट्टी","प्रमुख समाचार","latest","hi"
"477","2018-07-17 09:53:06","बारिश बनी आफतः गुजरात, केरल में बुरा हाल","प्रमुख समाचार","latest","hi"
"481","2018-07-17 10:50:10","गोरक्षा हिंसा: SC का निर्देश, संसद बनाए कानून","प्रमुख समाचार","latest","hi"
"485","2018-07-17 12:24:47","ट्रंप के बेटे हो? युवती ने मनचले को धुन डाला","प्रमुख समाचार","latest","hi"
"489","2018-07-17 12:54:29","फतवा: 'निदा मर भी जाए तो न नसीब हो कब्र'","प्रमुख समाचार","latest","hi"
"493","2018-07-17 11:30:46","10000000000000... अमीर नंबर 1 से मिलिए","प्रमुख समाचार","latest","hi"
"498","2018-07-17 11:20:33","बच्ची के साथ महीनों से कर रहे थे रेप, 18 अरेस्ट","प्रमुख समाचार","latest","hi"
"502","2018-07-17 12:36:03","भविष्यवाणीः ऐसे टूटेगा अफ्रीका, हिलेगा हिमालय","प्रमुख समाचार","latest","hi"
"506","2018-07-17 11:53:22","देखें, कलश यात्रा निकाल 'वामपंथी' येचुरी वायरल","प्रमुख समाचार","latest","hi"
"527","2018-07-17 10:51:45","देखें: नदी में गिरी कार, ऐसे बची लोगों की जान","मेट्रो","metro","hi"
"530","2018-07-17 08:41:14","दूधबंदी के कारण मुंबई में पुलिस के पहरे में दूध","मेट्रो","metro","hi"
"534","2018-07-17 08:18:00","UP: BJP के इन सांसदों का टिकट कटना तय","मेट्रो","metro","hi"
"538","2018-07-17 09:38:17","'गड्ढों से सावधान' होर्डिंग पर भड़के लोग","मेट्रो","metro","hi"
"542","2018-07-17 08:10:58","बेटे से प्रॉपर्टी वापस ले सकते हैं पैरंट्स: कोर्ट","मेट्रो","metro","hi"
"545","2018-07-17 08:15:14","टॉइलट में गिरा फोन निकालने में फंसा हाथ","मेट्रो","metro","hi"
"547","2018-07-17 08:41:47","एक महिला ने करवाया दूसरी का रेप, अरेस्ट","मेट्रो","metro","hi"
"551","2018-07-17 03:05:56","20 जुलाई से देश भर में चक्का जाम करेंगे ट्रांसपोर्टर","मेट्रो","metro","hi"
"554","2018-07-17 00:29:31","BJP बोली सत्येंद्र जैन को बर्खास्त करे AAP","मेट्रो","metro","hi"
"556","2018-07-17 03:27:25","सड़क पर मौत के गड्ढे यूं जिद्दी कि जाते नहीं","मेट्रो","metro","hi"
"562","2018-07-17 01:35:57","यूपी में फिल्म इंस्टियूट बनाएंगे बोनी कपूर","मेट्रो","metro","hi"
"567","2018-07-17 02:36:15","लकी ड्रॉ: मुंबई के हजारों परिवारों को मिलेगा घर","मेट्रो","metro","hi"
"570","2018-07-17 00:41:27","गड्ढा बना जानलेवा, बाइक सवार की मौत","मेट्रो","metro","hi"
"573","2018-07-17 05:57:07","गार्ड ने 3 दिन तक किया रेप, फिर हत्या","मेट्रो","metro","hi"
"583","2018-07-17 12:39:46","लोकपाल: केंद्र ने SC को बताया, 19 को होगी बैठक","भारत","india","hi"
"591","2018-07-17 08:31:34","गठबंधन पर कांग्रेस के आगे माया की '3' की शर्त","भारत","india","hi"
"595","2018-07-17 11:24:50","SC में जस्टिस जोसफ का विरोध नहीं करेगा केंद्र!","भारत","india","hi"
"599","2018-07-17 09:45:06","मेजर पर FIR: केंद्र बनाम J&K की जंग जारी","भारत","india","hi"
"604","2018-07-17 08:21:02","कोचिंग सेंटरों पर शिकंजा, बनेंगी गाइडलाइंस","भारत","india","hi"
"608","2018-07-17 08:22:12","मॉनसून सत्र: सरकार को घेरने का विपक्ष का प्लान","भारत","india","hi"
"611","2018-07-17 05:12:13","'नफरत की आग में UP आगे, गुजरात नंबर 2'","भारत","india","hi"
"615","2018-07-16 21:06:23","'क्या राहुल को ले जा करते सर्जिकल स्ट्राइक'","भारत","india","hi"
"618","2018-07-16 21:22:58","मॉनसून सत्र: लिंचिंग पर सरकार को घेरेगा विपक्ष","भारत","india","hi"
"622","2018-07-16 22:02:16","SP-BSP साथ, बदला PM का अंदाज: अखिलेश","भारत","india","hi"
"625","2018-07-16 19:38:35","SC ने पूछा, लोगों की जिंदगी जरूरी कि उद्योग?","भारत","india","hi"
"628","2018-07-16 21:42:51","3 तलाक: निदा के खिलाफ फतवा, हुक्का-पानी बंद","भारत","india","hi"
"631","2018-07-16 16:09:45","मिसाल: डीयू के टीचर्स ने भरी छात्रा की फीस","भारत","india","hi"
"635","2018-07-16 15:29:17","आसिया अंद्राबी को एक महीने की न्यायिक हिरासत","भारत","india","hi"
"647","2018-07-17 12:21:11","अपाचे में आया नया सिस्टम, बढ़ेगा इतना पावर","ऑटो","auto","hi"
"649","2018-07-16 08:54:38","देखें, भारत की पहली सुपरकार 'शूल', जानें खूबियां","ऑटो","auto","hi"
"652","2018-07-17 11:44:19","लग्जरी कारों की बिक्री में जोरदार इजाफा","ऑटो","auto","hi"
"655","2018-07-17 10:13:57","मेड इन इंडिया बाइक, 15 दिनों में स्टॉक खत्म!","ऑटो","auto","hi"
"658","2018-07-17 08:46:50","इंटरव्यू: 'सालभर में डिलिवर होंगी 10 हजार ई-कारें'","ऑटो","auto","hi"
"661","2018-07-17 08:12:42","JLR ने लॉन्च की F-टाइप स्पोर्ट्स कार, जानें कीमत","ऑटो","auto","hi"
"664","2018-07-16 14:16:07","यामाहा ने लॉन्च किया नया स्कूटर, कीमत 60 हजार से कम","ऑटो","auto","hi"
"667","2018-07-16 19:17:56","देखें, बर्थडे गर्ल कटरीना कैफ के पास है यह एसयूवी कार","ऑटो","auto","hi"
"671","2018-07-16 12:01:06","कंपनी को वापस मंगानी पड़ीं ये धाकड़ बाइक्स, जानें क्यों","ऑटो","auto","hi"
"676","2018-07-16 11:08:29","देखें, यामाहा ने दिखाई नए स्कूटर ‘Rally’ की झलक","ऑटो","auto","hi"
"678","2018-07-16 15:14:32","क्या शाहरुख हैं इस 'सबसे तेज' कार के मालिक? जानें जवाब","ऑटो","auto","hi"
"684","2018-07-15 15:19:21","...तो इस कार से टेस्ला मॉडल 3 को मिलेगी चुनौती?","ऑटो","auto","hi"
"689","2018-07-15 14:37:55","टाटा की इन कारों पर जुलाई में मिल सकती है बंपर छूट","ऑटो","auto","hi"
"692","2018-07-15 13:15:58","आ रहा है बजाज का 'छोटू' वाहन, कीमत भी कम","ऑटो","auto","hi"
"695","2018-07-15 12:00:59","भारत में सबसे ज्यादा पॉप्युलर हैं ये 7 सीटर कारें","ऑटो","auto","hi"
"709","2018-07-17 11:31:23","बॉलिवुड निर्माताओं ने सौंपी यौन शोषण रिपोर्ट","मनोरंजन","entertainment","hi"
"712","2018-07-17 11:52:15","करिश्मा ने की रणवीर संग अपनी तस्वीर डिलीट","मनोरंजन","entertainment","hi"
"715","2018-07-17 08:56:25","विशाल को वॉइस नोट में गाने भेजते हैं इरफान","मनोरंजन","entertainment","hi"
"718","2018-07-17 11:35:18","सारा की 'केदारनाथ' की रिलीज डेट फिर बदली?","मनोरंजन","entertainment","hi"
"721","2018-07-17 09:29:03","नहीं रहीं टीवी-फिल्मों में दिखने वाली प्यारी 'मां'","मनोरंजन","entertainment","hi"
"723","2018-07-17 10:00:56","फरदीन खान का फिर बदल गया है अंदाज़","मनोरंजन","entertainment","hi"
"725","2018-07-17 09:54:59","निक-प्रियंका की शादी पर बोलीं मां मधु चोपड़ा","मनोरंजन","entertainment","hi"
"727","2018-07-17 10:25:14","'ब्रह्मास्त्र' में नागार्जुन के साथ दिखेंगी डिंपल?","मनोरंजन","entertainment","hi"
"729","2018-07-17 09:32:24","'पॉलिटिकल फिल्मों में काम करने से न डरें ऐक्टर्स'","मनोरंजन","entertainment","hi"
"732","2018-07-16 22:15:13","शाहिद-श्रद्धा की फिल्म इस दिन होगी रिलीज","मनोरंजन","entertainment","hi"
"735","2018-07-16 23:13:24","विद्या बालन सीख रही हैं हारमोनियम बजाना","मनोरंजन","entertainment","hi"
"739","2018-07-16 21:05:04","कटरीना के बर्थडे पर शाहरुख ने दिया यह गिफ्ट","मनोरंजन","entertainment","hi"
"742","2018-07-16 19:22:28","रणवीर सिंह ने शेयर की अपनी हॉट तस्वीर","मनोरंजन","entertainment","hi"
"748","2018-07-16 23:34:32","जाह्नवी को श्रीदेवी इस तरह करती थीं लाड़","मनोरंजन","entertainment","hi"
"751","2018-07-16 17:06:19","कटरीना को आलिया ने ऐसे किया बर्थडे विश","मनोरंजन","entertainment","hi"
"755","2018-07-17 09:44:00","CBSE: लीकप्रूफ हुआ एग्जाम, 10 बड़ी बातें","एजुकेशन","education","hi"
"759","2018-07-17 08:21:02","कोचिंग सेंटरों पर शिकंजा, बनेंगी गाइडलाइंस","एजुकेशन","education","hi"
"762","2018-07-17 12:22:17","FIR: जानें अपने और पुलिस के अधिकार","एजुकेशन","education","hi"
"767","2018-07-17 08:53:31","देखें, SBI PO प्रीलिम्स 2018 का रिजल्ट जारी","एजुकेशन","education","hi"
"770","2018-07-16 20:46:11","PO प्रीलिम्स: रिजल्ट पर SBI की चेतावनी","एजुकेशन","education","hi"
"773","2018-07-16 17:39:00","HC के फैसले को चुनोती देगा सीबीएसई","एजुकेशन","education","hi"
"777","2018-07-16 14:34:22","GATE 2019: एग्जाम कब, जानें पूरी डीटेल्स","एजुकेशन","education","hi"
"781","2018-07-16 09:45:49","NEET में कम नंबर पर MBBS में दाखिला","एजुकेशन","education","hi"
"786","2018-07-16 13:53:04","8 सवालों का दें जवाब, देखें कितने तेज हैं आप","एजुकेशन","education","hi"
"791","2018-07-16 11:34:29","पहली बार: ग्रैजुएशन के साथ स्किल ट्रेनिंग भी","एजुकेशन","education","hi"
"796","2018-07-16 08:04:02","DU: लास्ट कटऑफ इस हफ्ते, जानें कहां चांस","एजुकेशन","education","hi"
"800","2018-07-16 08:14:02","DU: जानें कब आएगी PG की पहली लिस्ट","एजुकेशन","education","hi"
"801","2018-07-15 14:36:26","SBI PO Prelim result 2018: ऐसे करें चेक","एजुकेशन","education","hi"
"804","2018-07-14 20:14:00","UPSC सिविल सर्विसेज का रिजल्ट जारी","एजुकेशन","education","hi"
"807","2018-07-14 10:59:10","IIT दिल्लीः समय से पहले फुल हुईं सारी सीटें","एजुकेशन","education","hi"
"832","2018-07-17 12:46:02","बच्ची से रेप का आरोपी 'लाइफगार्ड' नहीं जानता तैरना!","राज्य","state","hi"
"847","2018-07-17 11:54:32","इंटीमेट विडियो वायरल, SP पर गिरी गाज","राज्य","state","hi"
"852","2018-07-17 08:00:00","छोटा हरिद्वार में: 'पैर पकड़कर खींचा, गहने लूटे'","राज्य","state","hi"
"856","2018-07-17 10:58:51","'डांसिंग अंकल' के बेहद करीबी को लगी गोली","राज्य","state","hi"
"864","2018-07-17 11:16:16","रेप:  प्रिंसिपल ने दिखाई IAS रिलेटिव की धौंस","राज्य","state","hi"
"866","2018-07-17 10:04:05","जब दूल्हे ने नकली नोटों का हार पहन लिए फेरे...","राज्य","state","hi"
"868","2018-07-17 10:16:14","आवारा कुत्ते से किया 'रेप', हो सकती उम्रकैद","राज्य","state","hi"
"870","2018-07-17 10:13:16","SHO बनाने के लिए इंस्पेक्टर से लिए 4 लाख","राज्य","state","hi"
"874","2018-07-17 09:22:15","कॉन्ट्रैक्टर के घर मिला ₹100 करोड़ कैश","राज्य","state","hi"
"878","2018-07-17 09:32:24","यहां गर्ल एजुकेशन के नाम पर महज ₹1","राज्य","state","hi"
"882","2018-07-17 08:33:59","कासगंज: विवाह के बाद दूल्हे को अब यह डर","राज्य","state","hi"
"910","2018-07-17 08:11:31","INDvsENG: तीसरा वनडे आज, देखें किसका पलड़ा भारी","खेल","sports","hi"
"912","2018-07-17 09:13:44","फीफा: विनर को 260 करोड़, बाकियों को इतना","खेल","sports","hi"
"916","2018-07-17 10:14:53","फैंस की देशभक्ति देख कोहली भावुक, दिया मेसेज","खेल","sports","hi"
"920","2018-07-17 11:35:39","ऑस्ट्रेलिया के लेजंड फुटबॉलर कैहिल ने लिया संन्यास","खेल","sports","hi"
"923","2018-07-17 09:19:08","देखें- पाक क्रिकेटर का ऐसा जश्न, गर्दन में झटका","खेल","sports","hi"
"928","2018-07-16 21:43:38","पूर्व हॉकी कप्‍तान शाहिद की पत्‍नी लौटाएंगी पद्मश्री","खेल","sports","hi"
"933","2018-07-17 08:04:03","फीफा वर्ल्ड कप-2018 के टॉप-5 गोल, देखें- तस्वीरें","खेल","sports","hi"
"937","2018-07-17 10:57:20","फीफा: स्वदेश लौटी क्रोएशियाई टीम, हुआ भव्य स्वागत","खेल","sports","hi"
"942","2018-07-17 10:32:59","बर्लिन में अपना सर्वश्रेष्ठ देना चाहते हैं किपचोगे","खेल","sports","hi"
"948","2018-07-16 23:01:01","देखें, फ्रांस टीम का यूं हुआ स्वागत, उमड़ा जनसैलाब","खेल","sports","hi"
"952","2018-07-16 22:00:00","वुड्स ने बताया- कैसे लगाएंगे कुलदीप पर लगाम","खेल","sports","hi"
"957","2018-07-16 16:39:49","ODI: इंग्लैंड के खिलाफ भारत की ये बड़ी चिंता","खेल","sports","hi"
"960","2018-07-16 17:42:42","ऑस्ट्रेलिया में फिर सुपरहिट होंगे विराट: ब्रेट ली","खेल","sports","hi"
"963","2018-07-16 13:03:56","क्रोएशिया टीम हारी, राष्ट्रपति ने पोंछे प्लेयर्स के आंसू","खेल","sports","hi"
"976","2018-07-17 09:57:00","US में रूस की महिला जासूसी के आरोप में अरेस्ट","दुनिया","world","hi"
"979","2018-07-17 11:09:32","जाधव: ICJ में पाक का 400 पन्नों का जवाब","दुनिया","world","hi"
"983","2018-07-16 19:23:46","शरीफ ने अदालत के फैसले को चुनौती दी","दुनिया","world","hi"
"986","2018-07-16 18:25:29","ट्रंप, पुतिन ने किया 'असाधारण संबंध' का वादा","दुनिया","world","hi"
"990","2018-07-16 17:26:23","थाइलैंड: मृत नेवी सील को बच्चों ने किया याद","दुनिया","world","hi"
"994","2018-07-16 16:55:57","तो इसलिए रूसी मीडिया से खुश हैं ट्रंप!","दुनिया","world","hi"
"999","2018-07-16 09:37:49","रेहम ने बताया, निर्भया पर यह बोले थे इमरान","दुनिया","world","hi"
"1003","2018-07-16 09:19:11","जानें, ट्रंप-पुतिन बैठक पर क्यों टिकी हैं नजरें","दुनिया","world","hi"
"1006","2018-07-16 10:38:14","जानिए, ट्रंप और पुतिन किसको लगाते हैं फोन","दुनिया","world","hi"
"1010","2018-07-16 13:42:18","'रूस संग खराब रिश्तों का जिम्मेदार FBI'","दुनिया","world","hi"
"1014","2018-07-16 11:59:56","पॉपस्टार को गले लगाने पर महिला अरेस्ट","दुनिया","world","hi"
"1016","2018-07-16 11:24:29","ट्रंप ने यूरोपीय संघ को बताया US का दुश्मन","दुनिया","world","hi"
"1020","2018-07-15 17:36:08","ट्रंप ने तोड़ा प्रोटोकॉल, क्वीन को दिखाई पीठ","दुनिया","world","hi"
"1023","2018-07-15 18:40:03","UK: 15 अगस्त को नैशनल डे मनाने की मांग","दुनिया","world","hi"
"1026","2018-07-15 21:54:30","पुतिन संग बैठक से पहले ट्रंप ने यह कहा","दुनिया","world","hi"
"1044","2018-07-17 12:28:00","पुतिन काे बेकसूर बताना ट्रम्प कार्यकाल का सबसे शर्मनाक क्षण, यह देशद्रोह से कम नहीं: अमेरिकी मीडिया","दुनिया","world","hi"
"1047","2018-07-17 10:08:00","400 किमी/घंटे की रफ्तार से उड़ने वाली टैक्सी बना रहा रोल्स रॉयस, एक बार में 5 यात्री बैठ सकेंगे","दुनिया","world","hi"
"1050","2018-07-17 10:08:00","खाना बर्बाद होने से बचाने के लिए ब्रिटेन में 2 दोस्त चलाते हैं स्टोर चेन; खरीदारों की लग जाती है लाइन","दुनिया","world","hi"
"1053","2018-07-17 08:58:00","इंडोनेशिया में इंसान की मौत का बदला लेने के लिए लोगों ने उठाए हथौड़े-चाकू, 292 मगरमच्छों को मार डाला","दुनिया","world","hi"
"1056","2018-07-16 22:43:00","साझा बयान के दौरान पुतिन ने ट्रम्प को दी वर्ल्डकप की फुटबॉल, कहा- गेंद अब आपके पाले में","दुनिया","world","hi"
"1062","2018-07-16 21:07:00","अवैध भारतीय अप्रवासियों के साथ अमेरिका की ओरेगन जेल में अपराधियों जैसा व्यवहार, सिखों की पगड़ी उतरवाई","दुनिया","world","hi"
"1068","2018-07-16 19:08:00","अवेनफील्ड मामले में दोषी पाए गए शरीफ के परिवार ने जवाबदेही कोर्ट के फैसले के खिलाफ हाईकोर्ट में दायर की याचिकाएं","दुनिया","world","hi"
"1073","2018-07-16 18:20:00","अमेरिकाः कंसास में भारतीय छात्र की हत्या करने वाला शख्स एनकाउंटर में मारा गया","दुनिया","world","hi"
"1082","2018-07-16 16:59:00","इजरायली खुफिया एजेंसी मोसाद ने साढ़े छह घंटे में चुराईं ईरान के एटमी प्रोग्राम की 5 क्विंटल फाइलें","दुनिया","world","hi"
"1091","2018-07-16 12:49:00","अमेरिका: 200 फीट खाई में गिरी महिला 7 दिन बाद बचाई गई, रेडिएटर का पानी पीकर जिंदा रही","दुनिया","world","hi"
"1102","2018-07-16 11:16:00","फीफा फाइनल: बारिश के बीच पुतिन ने छाता लगाया, फ्रांस और क्रोएशिया के राष्ट्रपति भीगते रहे","दुनिया","world","hi"
"1112","2018-07-15 11:05:00","जर्मनी: विमान में ऑक्सीजन की कमी से यात्रियों के कानों से निकला खून, इमरजेंसी लैंडिंग करानी पड़ी","दुनिया","world","hi"
"1120","2018-07-15 09:22:00","ग्रीनलैंड के 169 लोगों के गांव के पास आइसबर्ग पहुंचा, डर के चलते 33 लोग गांव छोड़कर चले गए","दुनिया","world","hi"
"1130","2018-07-15 09:12:00","फीफा फाइनल: 4000 किमी गाड़ी चलाकर रूस पहुंचे 4 फैन्स, 5.5 लाख का टिकट देखकर कहा- इतने में तो कार आ जाएगी","दुनिया","world","hi"
"1138","2018-07-14 19:04:00","3 साल में 90 करोड़ डॉलर कमाने वाली काइली को सबसे कम उम्र की अरबपति बनाना चाहते हैं फैन्स, शुरू किया डोनेशन कैम्पेन","दुनिया","world","hi"
"1147","2018-07-14 15:02:00","पाकिस्तान में कर्मचारियों की कमी, पहली बार बैंककर्मियों को चुनाव ड्यूटी में लगाया जाएगा","दुनिया","world","hi"
"1156","2018-07-14 13:22:00","राष्ट्रपति ने नृत्यांगना सोनल मानसिंह, राकेश सिन्हा समेत चार हस्तियों को राज्यसभा में मनोनीत किया","दुनिया","world","hi"
"1167","2018-07-14 13:05:00","नवाज और मरियम को पहली रात जेल में बी क्लास सुविधाएं दी गईं, दूसरे कैदियों को पढ़ाने का काम मिल सकता है","दुनिया","world","hi"
"1174","2018-07-14 11:48:00","फेसबुक की विविधता रिपोर्ट: स्टाफ में 36% महिलाएं, 41% कर्मी एशियाई मूल के","दुनिया","world","hi"
"1179","2018-07-14 11:29:00","विम्बलडन के मैदान की रूफस नाम का बाज 10 साल से कर रहा निगरानी, उसके पास कबूतरों को भगाने की जिम्मेदारी","दुनिया","world","hi"
"2099","2018-07-17 01:12:48","अडियाला जेल में शरीफ को बेहद खराब हालत में रखा गया है : शहबाज","दुनिया","world","hi"
"2106","2018-07-16 23:46:12","फिनलैंड समिटः रूस ने अमेरिकी चुनाव प्रक्रिया में हस्तक्षेप नहीं किया- पुतिन","दुनिया","world","hi"
"2112","2018-07-16 21:33:24","H-1B वीजा : अमेरिका में रह रहे भारतीयों की बढ़ सकती है मुसीबत, ट्रंप ने दिया ये आदेश","दुनिया","world","hi"
"2117","2018-07-16 18:20:24","UPSC IAS Interview में पूछा- क्या डोनाल्ड ट्रंप पर महाभियोग चलना चाहिए, जानिए जवाब","दुनिया","world","hi"
"2124","2018-07-16 17:49:16","ट्रंप से मिलकर पुतिन बोले- हमारे रिश्ते मजबूत करने का वक्त आ गया","दुनिया","world","hi"
"2130","2018-07-16 18:32:36","बनानी है सेहत तो ट्रेडमिल छोड़ पेड़ों पर चढि़ए जनाब","दुनिया","world","hi"
"2136","2018-07-16 18:20:51","दिल की सेहत अच्छी रखने के लिए खाएं रसभरी","दुनिया","world","hi"
"2141","2018-07-16 18:13:16","तकनीक: रोबोट जंग के मैदान में जवानों के सहयोगी बनेंगे","दुनिया","world","hi"
"2148","2018-07-16 18:06:52","आईना बताएगा कितनी खूबसूरत हैं आप","दुनिया","world","hi"
"2152","2018-07-16 17:41:37","US में भारतीय सिख आव्रजकों पर जुल्म : जंजीरों से बांधा, छीनी पगड़ी, रखा भूखा","दुनिया","world","hi"
"2154","2018-07-16 16:28:04","आक्रोश: एक मौत का बदला लेने के लिए भीड़ ने मार डाले 300 मगरमच्छ","दुनिया","world","hi"
"2159","2018-07-16 16:28:57","VIDEO: अरब में कॉन्सर्ट के दौरान महिला ने सिंगर को लगाया गले, मिली ये सजा","दुनिया","world","hi"
"2163","2018-07-16 13:17:59","राष्ट्रपति ट्रंप-पुतिन  मुलाकात आज, पश्चिमी देशों को रूस का बड़ा संदेश","दुनिया","world","hi"
"2165","2018-07-16 12:05:46","इस स्कूल की लड़कियां पहन सकेंगी शॉर्ट्स और पैंट्स, अपडेट हुआ ड्रेस कोड","दुनिया","world","hi"
"2167","2018-07-16 11:14:14","पाकिस्तान: चुनाव से 10 दिन पहले नवाज शरीफ की पार्टी के खिलाफ आतंकवाद निरोधी जांच शुरू","दुनिया","world","hi"
"2169","2018-07-16 09:56:20","पुतिन से मुलाकात के लिए ट्रंप हेलसिंकी पहुंचे, US को बैठक से खास उम्मीदें नहीं","दुनिया","world","hi"
"2171","2018-07-15 21:45:42","पाकिस्तानः नवाज शरीफ का परिवार आज जा सकता है कोर्ट, जेल में बंद हैं पूर्व पीएम और बेटी मरियम शरीफ","दुनिया","world","hi"
"2174","2018-07-16 01:30:56","पायलट ने किया धूम्रपान, विमान 10 मिनट में 25 हजार फीट नीचे आया","दुनिया","world","hi"
"2222","2018-07-17 11:58:38","टॉप 10 न्यूज: पढ़ें देश-दुनिया की बड़ी खबरें एक नजर में","भारत","india","hi"
"2251","2018-07-17 09:53:46","भुगतान विवाद पर सरकार ने दिल्ली एयरपोर्ट की सुरक्षा वापस लेने की दी धमकी","भारत","india","hi"
"2257","2018-07-17 09:09:28","खुलासा: दिल्ली में धोखे से बेची जा रहीं आदिवासी किशोरियां, झारखंड से लापता हैं 3300 लड़कियां","भारत","india","hi"
"2263","2018-07-17 09:52:37","सुप्रीम कोर्ट:चीफ जस्टिस वाली संविधान पीठ करेगी आज धारा 377 पर सुनवाई","भारत","india","hi"
"2269","2018-07-17 09:39:40","इशरत जहां मुठभेड़: वंजारा को आरोपमुक्त करने वाली याचिका पर फैसला आज","भारत","india","hi"
"2275","2018-07-17 09:07:54","मानसून सत्र: सरकार के टॉप एजेंडा में हैं तीन तलाक और ओबीसी आयोग","भारत","india","hi"
"2278","2018-07-17 08:53:41","टॉप 10 न्यूज: पढ़ें सुबह 9 बजे तक देश-दुनिया की बड़ी खबरें एक नजर में","भारत","india","hi"
"2281","2018-07-17 08:48:22","मानसून सत्र:  हम सभी चाहते है कि संसद की कार्यवाही चले- विपक्ष","भारत","india","hi"
"2284","2018-07-16 11:35:44","SBI PO prelims Result 2018:इंतजार खत्म, देखें अपना रिजल्ट, sbi.co.in/careers और bank.sbi.careers पर","भारत","india","hi"
"2287","2018-07-17 08:40:00","सुप्रीम कोर्ट का आदेश: रिटायर्ड होने पर भी भ्रष्टाचार के मुकदमे से नहीं बच सकते","भारत","india","hi"
"2293","2018-07-17 08:29:13","मौसम अलर्ट: उत्तर भारत में सूखा दक्षिण और पूर्व में झमाझम, सबसे कम बारिश उत्तर प्रदेश में","भारत","india","hi"
"2299","2018-07-17 06:21:14","यूपी और दिल्ली में बंद राठी के गुर्गों का जेल से ही फेसबुक एकाउंट हो रहा अपडेट","भारत","india","hi"
"2318","2018-07-17 13:06:35","62 साल की रीता भादुड़ी का हुआ अंतिम संस्कार, दी नम आंखों से विदाई","मना॓रंजन","entertainment","hi"
"2352","2018-07-17 11:22:33","POLL: हिना खान या मधुरिमा तुली, आप 'कमोलिका' के रोल में किसे देखना चाहते हैं","मना॓रंजन","entertainment","hi"
"2373","2018-07-17 10:30:53","काला हिरण शिकार मामले में सलमान खान की अपील पर आज सुनवाई","मना॓रंजन","entertainment","hi"
"2381","2018-07-17 10:25:55","बॉलीवुड मसाला: पढ़ें बॉलीवुड से जुड़ी ये टॉप 10 खबरें-VIDEO","मना॓रंजन","entertainment","hi"
"2388","2018-07-17 09:47:50","जूही परमार से तलाक के बाद एक्स पति सचिन ने तोड़ी चुप्पी, कहा- कभी प्यार किया ही नहीं","मना॓रंजन","entertainment","hi"
"2394","2018-07-16 09:00:10","सालों बाद शाहरुख ने किया खुलासा, गौरी से जल्दी शादी करने की बताई वजह","मना॓रंजन","entertainment","hi"
"2397","2018-07-17 09:05:10","डॉ. हाथी के बाद टीवी की मशहूर अदाकारा रीता भादुड़ी का निधन","मना॓रंजन","entertainment","hi"
"2400","2018-07-17 08:25:37","23 साल के जुड़वां बच्चों की मां ने रेड बिकिनी में ढाया कहर, वैम्प के रोल से हुईं फेमस","मना॓रंजन","entertainment","hi"
"2406","2018-07-17 07:37:59","Zero: बर्थडे पर इस हाल में नजर आईं कैटरीना, शाहरुख ने शेयर की PHOTO","मना॓रंजन","entertainment","hi"
"2410","2018-07-16 08:09:31","B'DAY SPL: इस किस सीन के लिए कैटरीना ने दो घंटे बंद कमरे में की थी प्रैक्टिस, आज भी है पछतावा","मना॓रंजन","entertainment","hi"
"2415","2018-07-16 20:56:51","सामने आई कैटरीना के बर्थडे की Inside Photos, हरे-भरे मैदान में काटा केक","मना॓रंजन","entertainment","hi"
"2422","2018-07-16 18:28:36","जिस साले की शादी में डांस कर फेमस हुए डब्बू अंकल, उसे बदमाशों ने मारी गोली","मना॓रंजन","entertainment","hi"
"2430","2018-07-16 20:27:33","जॉन अब्राहम की फिल्म के मुहर्रम सीन पर विवाद, शाहरुख खान के साथ भी हुआ था ऐसा","मना॓रंजन","entertainment","hi"
"2455","2018-07-17 12:50:00","भोपाल, इंदौर और उज्जैन में 24 घंटे तक भारी बारिश की चेतावनी, गुजरात के 7 जिलों में नदी-नाले उफान पर","प्रमुख समाचार","latest","hi"
"2463","2018-07-17 12:46:00","भारत-इंग्लैंड तीसरा वनडे आज शाम 5 बजे से, लगातार 10वीं सीरीज जीतने पर टीम इंडिया की नजर","प्रमुख समाचार","latest","hi"
"2471","2018-07-17 12:29:00","सुप्रीम कोर्ट ने कहा- भीड़तंत्र को नए कानून के रूप में मान्यता नहीं दे सकते, इसे फौलादी हाथों से खत्म कर देंगे","प्रमुख समाचार","latest","hi"
"2479","2018-07-17 12:28:00","पुतिन काे बेकसूर बताना ट्रम्प कार्यकाल का सबसे शर्मनाक क्षण, यह देशद्रोह से कम नहीं: अमेरिकी मीडिया","प्रमुख समाचार","latest","hi"
"2485","2018-07-17 12:06:00","मनोहर पर्रिकर ने कहा- क्या मैं सेना से कहता कि सर्जिकल स्‍ट्राइक के लिए राहुल गांधी को साथ ले जाएं","प्रमुख समाचार","latest","hi"
"2491","2018-07-17 11:14:00","सऊदी अरब की नई नीतियों और दोगुने फैमिली टैक्स की वजह से भारतीय देश लौटने को मजबूर","प्रमुख समाचार","latest","hi"
"2500","2018-07-17 10:08:00","400 किमी/घंटे की रफ्तार से उड़ने वाली टैक्सी बना रहा रोल्स रॉयस, एक बार में 5 यात्री बैठ सकेंगे","प्रमुख समाचार","latest","hi"
"2508","2018-07-17 10:08:00","खाना बर्बाद होने से बचाने के लिए ब्रिटेन में 2 दोस्त चलाते हैं स्टोर चेन; खरीदारों की लग जाती है लाइन","प्रमुख समाचार","latest","hi"
"2517","2018-07-17 09:58:00","अभिनेत्री रीता भादुड़ी का निधन, 70 फिल्मों और 20 से ज्यादा धारावाहिकों में किया था काम","प्रमुख समाचार","latest","hi"
"2524","2018-07-17 09:46:00","28 साल पहले आतंकी बनने के लिए पाकिस्तान गया शख्स गायक बना, उसका कश्मीरी गाना हो रहा है हिट","प्रमुख समाचार","latest","hi"
"2533","2018-07-17 08:58:00","इंडोनेशिया में इंसान की मौत का बदला लेने के लिए लोगों ने उठाए हथौड़े-चाकू, 292 मगरमच्छों को मार डाला","प्रमुख समाचार","latest","hi"
"2536","2018-07-17 08:08:00","महाभारत 2019: नोटा को 5 साल में 1.33 करोड़ वोट, अरुणाचल की 11 सीटों पर एक भी नहीं","प्रमुख समाचार","latest","hi"
"2540","2018-07-16 22:40:00","मिदनापुर रैली में पंडाल गिरने से 67 जख्मी, मोदी ने भाषण रोककर एसपीजी जवानों को मदद के लिए भेजा","प्रमुख समाचार","latest","hi"
"2543","2018-07-16 22:37:00","पत्नी की मौत के बाद हफ्तेभर लाश के सामने बैठा रहा लकवाग्रस्त पति; रिश्तेदार घर आया, तब हुआ अंतिम संस्कार","प्रमुख समाचार","latest","hi"
"2551","2018-07-16 21:07:00","अवैध भारतीय अप्रवासियों के साथ अमेरिका की ओरेगन जेल में अपराधियों जैसा व्यवहार, सिखों की पगड़ी उतरवाई","प्रमुख समाचार","latest","hi"
"2557","2018-07-16 20:30:00","​डेटा की गोपनीयता का अधिकार ग्राहकों को मिलना चाहिए, कंपनियां इसकी मालिक नहीं: ट्राई","प्रमुख समाचार","latest","hi"
"2564","2018-07-16 18:55:00","वर्ल्ड कप के सबसे चर्चित खिलाड़ी एम्बाप्पे साढ़े तीन करोड़ रुपए की अपनी पूरी कमाई दान करेंगे","प्रमुख समाचार","latest","hi"
"2571","2018-07-16 14:31:00","राहुल ने मोदी को लिखी चिट्ठी- संसद में महिला आरक्षण बिल लाएं, कांग्रेस बिना शर्त समर्थन देने को तैयार","प्रमुख समाचार","latest","hi"
"2599","2018-06-30 16:08:10","मानसून: जब सड़क पर भरे पानी में चलानी पड़े गाड़ी या पानी में फंस जाए कार, तो करें ये उपाय","ऑटो","auto","hi"
"2606","2018-07-13 19:41:09","ऑडी ने की मोबाइल टर्मिनल टूर 2018 की घोषणा, चौथे साल में कई शहरों में दौरा","ऑटो","auto","hi"
"2612","2018-07-13 17:51:19","अमिताभ बच्चन की इस कार को नहीं मिल रहा कोई खरीददार, जानिए क्या है वजह","ऑटो","auto","hi"
"2616","2018-07-12 18:04:23","वोल्वो एक्ससी40 के नए वेरिएंट से जुड़ी जानकारियां हुईं लीक","ऑटो","auto","hi"
"2620","2018-07-12 17:55:44","कंफर्म: हैरियर नाम से आयेगी टाटा की नई एसयूवी","ऑटो","auto","hi"
"2624","2018-07-12 17:45:45","क्रैश टेस्ट में फेल हुई मेड-इन-इंडिया रेनो क्विड","ऑटो","auto","hi"
"2630","2018-07-12 17:04:18","Confirm: हैरियर नाम से आयेगी टाटा की नई एसयूवी, इन कारों से होगा मुकाबला","ऑटो","auto","hi"
"2636","2018-07-12 16:55:13","क्रैश टेस्ट में फेल हुई मेड-इन-इंडिया रेनो क्विड, आॅल्टो और रेडि-गो से है मुकाबला","ऑटो","auto","hi"
"2642","2018-07-12 16:48:11","आपके बजट में होगी हुंडई की ये लोकप्रिय कार, सितंबर में होगी लॉन्च","ऑटो","auto","hi"
"2644","2018-07-11 18:15:14","Hyundai Santro: भारतीय बाजार में फिर करेगी एंट्री, जानें कब होगी लॉन्च","ऑटो","auto","hi"
"2648","2018-07-11 16:44:41","Honda jazz facelift: 19 जुलाई को हो सकती है भारत में लॉन्च, जानें क्या होंगे बदलाव","ऑटो","auto","hi"
"2657","2018-07-11 16:01:12","हार्ले डेविडसन क्यों है दुनिया भर में बाइक के दीवानों की पसंद, जानें इससे जुड़े कुछ तथ्य","ऑटो","auto","hi"
"2665","2018-07-10 16:14:07","टेस्टिंग के दौरान दिखी 2019 हुंडई एलांट्रा की झलक","ऑटो","auto","hi"
"2673","2018-07-10 15:32:35","1 अगस्त से महंगी हो जाएंगी होंडा की सभी कारें","ऑटो","auto","hi"
"2682","2018-07-10 14:24:39","Mercedes Benz GLE: कंपनी ने पेश किए नए वर्जन के स्केच","ऑटो","auto","hi"
"2688","2018-07-10 14:03:18","जीप रैंग्लर: मिल सकता है 2.2 लीटर डीजल इंजन, कंपनी 3-डोर वर्जन भी कर सकती है लॉन्च","ऑटो","auto","hi"
"2696","2018-07-10 12:46:55","इस नाम से आ सकती है टाटा की नई कॉम्पैक्ट एसयूवी, जानिए फीचर्स","ऑटो","auto","hi"
"2704","2018-07-10 13:00:30","काम की खबर: आज से शुरू होगा मारूति का मानसून सर्विस कैंप","ऑटो","auto","hi"
"2712","2018-07-09 19:07:12","जापानी कार कंपनी निसान मोटर ने दिया प्रदूषण और माइलेज का गलत मानक, शेयर गिरे","ऑटो","auto","hi"
"2720","2018-07-07 17:18:44","मारुति सुजुकी ग्राहकों को दे रही है ये शानदार मानसून सर्विस ऑफर, जानें","ऑटो","auto","hi"
"2772","2018-07-17 10:31:49","FIFA WC 2018: जानें क्यों कहा जा रहा कि फ्रांस को ‘अफ्रीकियों’ ने जिताया विश्व कप?","खेल","sports","hi"
"2777","2018-07-17 07:28:46","FIFA WC 2018: इंग्लैंड ने कोच गैरेथ साउथ गेट को दिया अनोखा सम्मान","खेल","sports","hi"
"2779","2018-07-16 22:47:17","FIFA 2018: दूसरी बार ट्रॉफी जीतने वाली फ्रांस टीम को देश ने दिया खास तोहफा","खेल","sports","hi"
"2789","2018-07-16 18:41:40","VIDEO: जीत से पहले फ्रांस के कप्तान ने की ऐसी बेवकूफी, पूरे स्टेडियम में उड़ा मजाक","खेल","sports","hi"
"2794","2018-07-16 14:24:52","क्रोएशिया की हार के बाद कप्तान को मिला बड़ा अवॉर्ड, जानिए वो क्या बोले","खेल","sports","hi"
"2801","2018-07-16 10:36:03","Fifa WC: फ्रांस से लेकर क्रोएशिया पर हुई 'धन वर्षा', जानें किसके खाते में कितने करोड़ रुपये","खेल","sports","hi"
"2807","2018-07-16 10:58:56","SPORTS NEWS: फीफा विश्व कप की टॉप 10 खबरें पढ़ें सिर्फ एक क्लिक में","खेल","sports","hi"
"2812","2018-07-16 10:37:06","FIFA WC 2018:जानिए क्यों फाइनल मैच के दौरान बीच मैदान में दौड़ने लगी लड़की?","खेल","sports","hi"
"2818","2018-07-16 10:07:43","VIDEO & PICS क्रोएशिया हारा, लेकिन प्रेसिडेंट कोलिंडा ने जीता सबका दिल","खेल","sports","hi"
"2824","2018-07-16 09:24:48","साल 1930 से लेकर 2018 तक, जानें क्या रहा है फीफा विश्व कप का इतिहास","खेल","sports","hi"
"2831","2018-07-16 08:28:14","FIFA WC 2018: फाइनल में क्रोएशिया से रूठ गया था भाग्य, फ्रांस पर था मेहरबान","खेल","sports","hi"
"2836","2018-07-15 23:49:38","FIFA WC 2018: हैरी केन का हुआ गोल्डन बूट, मॉड्रिक के नाम सबसे खास अवॉर्ड","खेल","sports","hi"
"2843","2018-07-16 00:08:11","FIFA WC 2018:देश को दूसरी बार जिताकर फ्रांस के कोच ने रचा ये कीर्तिमान","खेल","sports","hi"
"2848","2018-07-16 01:12:10","वर्ल्ड चैंपियन बनने पर पीएम मोदी ने फ्रांस को दी बधाई, पेरिस से मुंबई तक मनी जीत की खुशी","खेल","sports","hi"
"2855","2018-07-15 22:42:17","FIFA: फ्रांस ने इतिहास दोहराया, क्रोएशिया को 4-2 से रौंदकर दूसरी बार बना वर्ल्ड चैंपियन","खेल","sports","hi"
"2859","2018-07-15 21:36:08","Wimbledon: एंडरसन को हराकर जोकोविक ने जीता 13वां ग्रैंड स्लैम खिताब","खेल","sports","hi"
"2863","2018-07-15 19:47:30","Thailand Open: खिताब जीतने से चूकीं सिंधु, फाइनल में ओकुहारा ने हराया","खेल","sports","hi"
"2868","2018-07-15 18:34:25","FIFA Final: रूसी भालू की चौंकाने वाली भविष्यवाणी, यह टीम जीतेगी वर्ल्ड कप ट्रॉफी","खेल","sports","hi"
"2874","2018-07-15 18:11:44","विंबलडन में हारीं सेरेना विलियम्स, पति ने कहा- मुझे डर था उसकी जान जा सकती है!","खेल","sports","hi"
"2880","2018-07-15 17:43:06","FIFA Final: क्रिकेट से 10 गुना ज्यादा है वर्ल्ड कप विजेता टीम को मिलने वाली ईनामी राशि","खेल","sports","hi"
"2891","2018-07-17 07:55:24","राहत: डीजल और पेट्रोल हो सकता है सस्ता, जानिए क्या है वजह","व्यापार","business","hi"
"2899","2018-07-16 18:28:54","आमजन को मिलेगी राहत, पेट्रोल-डीजल के लगातार बढ़ते दाम पर लगेगी लगाम!","व्यापार","business","hi"
"2903","2018-07-16 18:26:33","बैंकिंग-फॉर्मा शेयरों में बिकवाली से बाजार धड़ाम, सेंसेक्स 217 अंक टूटा","व्यापार","business","hi"
"2906","2018-07-16 16:45:27","ज्वेलरों की लिवाली से सोने की चमक लौटी, चांदी भी हुई महंगी","व्यापार","business","hi"
"2914","2018-07-16 16:34:40","फोक्सवैगन उत्सर्जन घोटाला: NGT ने पूछा प्रदूषण फैलाने वाली 3.23 लाख गाड़ियां सड़कों पर क्यों","व्यापार","business","hi"
"2923","2018-07-16 15:34:42","आईडीबीआई बैंक में 51 फीसदी हिस्सेदारी खरीदी को एलआईसी निदेशक मंडल की मंजूरी","व्यापार","business","hi"
"2931","2018-07-16 14:55:54","ईंधन व सब्जियों के महंगा होने से थोक महंगाई दर मई में बढ़कर 5.77 फीसदी","व्यापार","business","hi"
"2939","2018-07-16 00:22:56","स्विस बैंकों के खातों में भारतीयों के जमा 300 करोड़ रुपये का नहीं मिल रहा कोई दावेदार","व्यापार","business","hi"
"2945","2018-07-15 19:08:17","त्योहारों से पहले अमेजन-फ्लिपकार्ट का तोहफा, खरीद पर मिलेगी बंपर छूट","व्यापार","business","hi"
"2951","2018-07-15 18:21:42","बड़े घाटे के बाद बंपर वसूली की ओर पीएनबी, वसूले 7,700 करोड़","व्यापार","business","hi"
"2957","2018-07-15 17:58:11","मालामाल हुई रिलायंस, सिर्फ एक हफ्ते में 76000 करोड़ रुपये बढ़ी कमाई","व्यापार","business","hi"
"2963","2018-07-15 16:53:26","एफपीआई ने बांड बाजार से निकाले 1,200 करोड़ रुपये","व्यापार","business","hi"
"2973","2018-07-15 16:30:36","विदेशी मुद्रा भंडार सात महीने के सबसे निचले स्तर पर","व्यापार","business","hi"
"2981","2018-07-15 16:01:47","बाजार में अगले महीने तक आ सकते हैं 14,000 करोड़ के आईपीओ","व्यापार","business","hi"
"2989","2018-07-14 23:54:10","GST कानून में हो सकता है व्यापक बदलाव, एक अक्तूबर से TDS भी देना होगा","व्यापार","business","hi"
"2997","2018-07-15 06:51:40","24 घंटे में बदला जा सकेगा मोबाइल ऑपरेटर, ट्राई ला रहा है नियम","व्यापार","business","hi"
"3005","2018-07-14 19:18:45","लगातार तीसरे दिन बढ़े पेट्रोल-डीजल के दाम","व्यापार","business","hi"
"3011","2018-07-14 19:08:58","कंपनी में गड़बड़ी हुई तो ऑडिटर पर होगी कार्रवाई","व्यापार","business","hi"
"3018","2018-07-14 10:11:51","नए नियम से एच1बी वीजा धारकों की बढ़ेंगी मुश्किलें, हो सकता है निष्कासन","व्यापार","business","hi"
"3026","2018-07-14 09:03:07","TIPS: होम लोन ट्रांसफर से पहले चार बातों का रखें ख्याल","व्यापार","business","hi"
"3055","2018-07-16 18:40:55","Flipkart big shopping days: 70 हजार के फोन पर मिल रहा है इतना डिस्काउंट, जानकर हो जाएंगे हैरान!","गैजेट्स","gadgets","hi"
"3058","2018-07-16 18:02:27","नए विंडोज 10 में नोटपैड, एज का उन्नत संस्करण","गैजेट्स","gadgets","hi"
"3062","2018-07-16 17:29:04","गैजेट-ऑटो अपडेट: Huawei P20 Lite पर मिल रहा है इतना डिस्काउंट, जानकर हो जाएंगे हैरान; पढ़ें ऐसी ही अन्य खबरें","गैजेट्स","gadgets","hi"
"3065","2018-07-16 14:54:15","Messages for web : तीन क्लिक से कंप्यूटर स्क्रीन पर पाएं फोन के Text मैसेज","गैजेट्स","gadgets","hi"
"3070","2018-07-16 13:07:41","10,990 रुपये में पाएं फुल व्यू डिस्प्ले और 4230 एमएएच बैटरी वाला Oppo A3s, जानें और खास फीचर","गैजेट्स","gadgets","hi"
"3074","2018-07-16 12:41:05","OnePlus 6 रेड एडिशन की बिक्री शुरू, जानें कहां से खरीदें","गैजेट्स","gadgets","hi"
"3080","2018-07-16 10:46:12","Amazon Prime Day: सेल में धमाकेदार ऑफर, सिर्फ 1 रुपये में मिल रही है 32 इंच की LED TV","गैजेट्स","gadgets","hi"
"3087","2018-07-14 17:28:52","Honor 9i (2018) भारत में 24 जुलाई को हो सकता है लॉन्च","गैजेट्स","gadgets","hi"
"3093","2018-07-14 17:01:21","गैजेट-ऑटो अपडेट: पॉप अप सेल्फी कैमरा वाले Vivo Nex फोन की कीमत लॉन्च से पहले लीक, पढ़ें दिन भर की पांच बड़ी खबरें","गैजेट्स","gadgets","hi"
"3098","2018-07-14 15:59:13","Vivo Nex: पॉप अप सेल्फी कैमरा वाले इस फोन की कीमत लॉन्च से पहले लीक","गैजेट्स","gadgets","hi"
"3100","2018-07-13 22:41:53","यहां Pixel 2 पर मिलेगा इतना डिस्काउंट, जानकर हो जाएंगे हैरान!","गैजेट्स","gadgets","hi"
"3104","2018-07-13 21:40:42","Wi-Fi का कम यूज करते हैं Jio यूजर्स, इस कंपनी के यूजर्स बिताते हैं ज्यादा समय","गैजेट्स","gadgets","hi"
"3108","2018-07-13 22:02:00","Samsung के इस फोन पर धमाकेदार ऑफर, मिलेगी 10 हजार रुपये की छूट","गैजेट्स","gadgets","hi"
"3114","2018-07-05 12:57:02","Reliance ने उतारा धमाकेदार प्लान, सिर्फ 501 रुपये में ऐसे मिलेगा नया JioPhone","गैजेट्स","gadgets","hi"
"3122","2018-07-13 18:06:28","Oppo A3s भारत में हुआ लॉन्च, 10990 रुपये में 4230 mAh की है बैटरी","गैजेट्स","gadgets","hi"
"3130","2018-07-13 17:53:40","Apple ने 30 करोड़ डॉलर का स्वच्छ ऊर्जा फंड चीन में किया लॉन्च","गैजेट्स","gadgets","hi"
"3138","2018-07-13 17:19:42","गैजेट-ऑटो अपडेट: केवल 39 रुपये में करें अनलिमिटेड कॉलिंग और भी बहुत कुछ, पढ़ें ऐसी ही अन्‍य खबरें","गैजेट्स","gadgets","hi"
"3180","2018-07-17 09:12:32","SBI PO Mains परीक्षा 4 अगस्त को, 20 जुलाई तक जारी हो जाएगा प्रवेश पत्र","एजुकेशन","education","hi"
"3184","2018-07-17 09:43:48","कोच्चि में 128 पद भरे जाएंगे नेवल शिप रिपेयर यार्ड","एजुकेशन","education","hi"
"3189","2018-07-17 09:15:47","यूपी बोर्ड: 10वीं-12वीं के छात्र-छात्राओं का रजिस्ट्रेशन शुरू","एजुकेशन","education","hi"
"3201","2018-07-17 07:04:28","राजस्थान  पुलिस कांस्टेबल भर्ती परीक्षा में फर्जी परीक्षार्थी बैठाने वाले गिरोह का पर्दाफाश","एजुकेशन","education","hi"
"3208","2018-07-17 07:20:11","खुशखबरी: यूपी में डीएड विशेष शिक्षा और बीएलएड को शिक्षक भर्ती में मौका","एजुकेशन","education","hi"
"3216","2018-07-17 07:11:27","नई व्यवस्था: डीएड विशेष शिक्षा और बीएलएड को शिक्षक भर्ती में मौका","एजुकेशन","education","hi"
"3225","2018-07-16 20:46:18","JEE Main 2019: शेड्यूल हुआ जारी, जनवरी और अप्रैल में होगी परीक्षा","एजुकेशन","education","hi"
"3233","2018-07-16 12:25:06","SBI PO prelims Result 2018 के ऐलान से पहले sbi.co.in/careers पर आवेदकों को किया गया आगाह","एजुकेशन","education","hi"
"3241","2018-07-16 20:00:03","साउथ इंडियन बैंक ने PO Result 2018 जारी किया, Southindianbank.in पर करें चेक","एजुकेशन","education","hi"
"3254","2018-07-16 19:36:38","हैशलर्न की JEE Mains, NEET की परीक्षाओं के लिए फ्री वीडियो कक्षाएं","एजुकेशन","education","hi"
"3260","2018-07-16 17:17:43","NEET 2018: मद्रास हाईकोर्ट के 196 ग्रेस मार्क्स देने के फैसले के खिलाफ सुप्रीम कोर्ट पहुंची CBSE","एजुकेशन","education","hi"
"3267","2018-07-16 16:43:46","उत्तर प्रदेश: जल्द जारी होगा असिस्टेंट प्रोफेसर भर्ती का नया विज्ञापन","एजुकेशन","education","hi"
"3275","2018-07-16 14:19:24","राजस्थान पुलिस कांस्टेबल परीक्षा 2018: जानिए कब आएंगे नतीजे","एजुकेशन","education","hi"
"3283","2018-07-16 14:42:33","SBI Clerk Prelims Result 2018: इस सप्ताह Sbi.co.in/careers पर आ सकते हैं नतीजे, यूं कर सकेंगे चेक","एजुकेशन","education","hi"
"3291","2018-07-16 13:11:09","West Bengal Police recruitment 2018: पश्चिम बंगाल एसआई पुलिस भर्ती परीक्षा के एडमिट कार्ड आज होंगे जारी, डाउनलोड कर सकेंगे www.policeweb.gov.in","एजुकेशन","education","hi"
"3304","2018-07-16 15:24:45","वैज्ञानिकों ने धूल का लबादा ओढ़े तारों के झुंड की तस्वीरें लीं","विज्ञान","science","hi"
"3308","2018-07-15 14:17:38","...अब सरकार लेकर आ रही &'श्रीमान&' नीति, जानिए क्‍या है ये प्रोजेक्‍ट?","विज्ञान","science","hi"
"3314","2018-07-15 12:37:50","आपके कान में भी है छेद तो यह जान लीजिए, चौंकाने वाला हुआ खुलासा","विज्ञान","science","hi"
"3321","2018-07-08 21:02:40","गाड़ी चलाते समय ड्राइवरों को क्यों आती है नींद? वजह जानकर हो जाएंगे हैरान","विज्ञान","science","hi"
"3329","2018-07-17 12:03:34","अमेरिका के खिलाफ साजिश रचने के आरोप में रूसी नागरिक गिरफ्तार","दुनिया","world","hi"
"3334","2018-07-17 10:15:38","नाटो का दावा, तालिबान के साथ सीधी वार्ता के लिए तैयार नहीं है अमेरिका","दुनिया","world","hi"
"3340","2018-07-17 10:11:52","अमेरिका और रूस के संबंधों पर बोले पुतिन, &'मूलर की जांच की मोहताज नहीं दोस्ती&'","दुनिया","world","hi"
"3347","2018-07-16 23:44:58","ZEE जानकारीः पाकिस्तान की एक Positive News","दुनिया","world","hi"
"3353","2018-07-16 23:42:00","नवाज शरीफ ने सर्मथकों से की भावुक अपील- मैं जेल में हूं, मेरी बीमार पत्नी के लिए दुआ करें","दुनिया","world","hi"
"3356","2018-07-16 23:09:04","ट्रंप ने पुतिन से मिलाया हाथ, कहा- पूर्वजों की &'बेवकूफी&' की वजह से रिश्ते थे खराब","दुनिया","world","hi"
"3362","2018-07-16 22:31:42","पाकिस्तान सरकार ने किया दावा- हमने आतंकियों की कमर तोड़ दी, बिलावल भुट्टो ने कहा- नहीं","दुनिया","world","hi"
"3367","2018-07-16 17:59:48","फिनलैंड में मिले ट्रंप और पुतिन, कहा- &'हमारे पास काम करने के बड़े अवसर हैं&'","दुनिया","world","hi"
"3371","2018-07-16 17:46:41","पाकिस्तान: सजा के खिलाफ शरीफ परिवार ने दायर की अपील, अदालत से रिहाई की मांग भी की","दुनिया","world","hi"
"3375","2018-07-16 17:22:57","आजादी के आंदोलन में &'गदर&' मचाने वाली &'पार्टी&' के किस्से पढ़ेंगे अमेरिकी बच्चे","दुनिया","world","hi"
"3380","2018-07-16 16:51:22","चीन की पुलिस ने सड़क पर ही काट दिए मुस्लिम महिलाओं के कपड़े, ये थी वजह","दुनिया","world","hi"
"3384","2018-07-16 16:41:21","थाईलैंड गुफा: &'जिंदगी और मौत&' के बीच इन गोताखोरों को मिली थी विशेष छूट, रिपोर्ट में खुलासा","दुनिया","world","hi"
"3388","2018-07-16 16:04:29","अमेरिका में अवैध रूप से घुसे भारतीयों से &'दुर्दांत अपराधियों&' जैसा व्यवहार, सिखों की पगड़ी भी छीनी","दुनिया","world","hi"
"3394","2018-07-16 15:46:41","पाकिस्तान : चुनावी रैली विस्फोट में मृतकों की संख्या बढ़कर 149 हुई","दुनिया","world","hi"
"3400","2018-07-16 15:37:36","1 व्‍यक्ति की हुई मौत, गुस्साई भीड़ ने मार डाले 300 मगरमच्छ","दुनिया","world","hi"
"3406","2018-07-16 19:01:26","भारत को समंदर में घेरने की तैयारी में चीन-पाकिस्तान, ऐसे चल दी &'चतुर चाल&'","दुनिया","world","hi"
"3412","2018-07-16 14:52:17","भारत के खिलाफ पाकिस्तान की मदद कर रहा चीन, पाक नौसेना को देगा 8 नई पनडुब्बियां","दुनिया","world","hi"
"3417","2018-07-16 14:00:26","पाकिस्तान चुनाव: बुरे दौर से गुजर रही PML-N को मिला पूर्व राष्ट्रपति का सहारा, जानें क्या है पूरा मामला","दुनिया","world","hi"
"3420","2018-07-16 11:15:57","इंटरनेट पर वायरल हो रहा इस नींबू का वीडियो, जानिए क्या खास बात है इसमें","दुनिया","world","hi"
"3424","2018-07-16 10:12:07","क्रोएशिया के राष्ट्रपति ने कराया ट्रंप और पुतिन को जिम्मेदारी का अहसास","दुनिया","world","hi"
"3449","2018-07-17 12:57:00","Railway में ग्रुप D के 63 हजार पदों के लिए ये होगा एग्जाम पैटर्न, जानना है जरूरी","व्यापार","business","hi"
"3451","2018-07-17 12:53:28","पूरी तरह बंद हुआ Yahoo Messenger, अब नए रूप में आएगा मैसेंजर, शिफ्ट होंगे यूजर्स","व्यापार","business","hi"
"3454","2018-07-17 11:10:06","SBI PO Result 2018 : SBI पीओ प्रीलिम्स परीक्षा का रिजल्ट जारी, sbi.co.in पर चेक करें","व्यापार","business","hi"
"3457","2018-07-17 10:20:53","बाजार की मजबूत शुरुआत, सेंसेक्स ने लगाया शतक, निफ्टी में भी अच्छी तेजी","व्यापार","business","hi"
"3461","2018-07-17 10:13:16","तेल की ऊंची कीमतों से भारत को तगड़ा झटका, IMF ने घटाया GDP ग्रोथ अनुमान","व्यापार","business","hi"
"3463","2018-07-17 00:25:38","ग्राहकों से जुड़ी जानकारी पर उन्हीं का अधिकार हो, कंपनियां केवल संरक्षक: ट्राई","व्यापार","business","hi"
"3466","2018-07-16 20:58:45","अगले साल भी कम रहेंगे चीनी के दाम, 350-355 लाख टन होगा चीनी का उत्पादन","व्यापार","business","hi"
"3469","2018-07-16 20:11:20","Jaguar ने नए पेट्रोल इंजन के साथ लॉन्च की F-TYPE स्पोर्ट्स कार","व्यापार","business","hi"
"3471","2018-07-16 16:45:29","चीन की अर्थव्यवस्था दूसरी तिमाही में धीमी पड़ी, अमेरिका से ट्रेड वॉर का असर","व्यापार","business","hi"
"3474","2018-07-16 20:19:25","NGT ने फॉक्सवैगन से कारें वापस नहीं बुलाने पर मांगी सफाई, कार्रवाई की दी चेतावनी","व्यापार","business","hi"
"3478","2018-07-16 16:30:45","महंगा हुआ सोना, चांदी के भी बढ़े दाम, जानिए क्या रहा आज का भाव","व्यापार","business","hi"
"3481","2018-07-16 15:31:39","अमेरिका में नहीं है मेहुल चोकसी, रेड कॉर्नर नोटिस जारी होने से पहले ही फरार: इंटरपोल","व्यापार","business","hi"
"3483","2018-07-16 14:46:37","अमेरिका से निकाले जाएंगे भारतीय! ट्रंप के इस आदेश के बाद बढ़ा &'खतरा&'","व्यापार","business","hi"
"3486","2018-07-16 14:13:08","साढ़े 4 साल के रिकॉर्ड स्तर पर महंगाई, आलू-प्याज से खाने-पीने तक सभी के दाम बढ़े","व्यापार","business","hi"
"3489","2018-07-16 16:46:29","Amazon की 36 घंटे के लिए &'प्राइम सेल&', फ्री में Oneplus 6 जीतने का मौका और भी बहुत कुछ","व्यापार","business","hi"
"3493","2018-07-16 09:56:27","धीमी शुरुआत के बाद शेयर बाजार में रिकवरी, सेंसेक्स और निफ्टी 20 अंक नीचे","व्यापार","business","hi"
"3494","2018-07-16 09:45:24","6 भारतीयों का स्विस बैंक के खातों में 300 करोड़, ये हैं इनके नाम, नहीं है कोई लेना वाला","व्यापार","business","hi"
"3496","2018-07-16 09:16:43","फिर सस्ता हुआ पेट्रोल-डीजल, 11 दिन दाम बढ़ाने के बाद घटाई गई कीमतें","व्यापार","business","hi"
"3498","2018-07-16 07:01:17","कौन जीतेगा बादशाहत की ये अनोखी &'जंग&', अंबानी या टाटा? यहां जानिए","व्यापार","business","hi"
"3500","2018-07-15 15:30:09","ट्रेन में AC सफर करना होगा महंगा, रेलवे करने जा रहा है बड़ा बदलाव","व्यापार","business","hi"
"3506","2018-07-17 12:55:42","मप्र: प्रदेश के विदिशा में 14 महीने की बच्‍ची से रेप, POCSO एक्‍ट में आरोपी गिरफ्तार","भारत","india","hi"
"3509","2018-07-17 12:41:01","राष्‍ट्रवाद, अनुशासन का पाठ पढ़ाने के लिए सरकार हर साल 10 लाख युवाओं को देगी मिलिट्री ट्रेनिंग!","भारत","india","hi"
"3511","2018-07-17 12:34:35","गठबंधन की इस मजबूरी के चलते मायावती ने अपने नेताओं को चुप रहने को कहा ?","भारत","india","hi"
"3514","2018-07-17 12:06:08","बसपा नेता के बोल- 'गाय तुम्हारी माता होगी, हमारी नहीं हो सकती'","भारत","india","hi"
"3517","2018-07-17 12:04:13","भोपाल: तेज बारिश के बीच कॉम्‍लेक्‍स में लगी आग, फायर बिग्रेड के छूटे पसीने","भारत","india","hi"
"3520","2018-07-17 11:43:13","गोरक्षा के नाम पर हिंसा : 'कोई भी नागरिक कानून अपने हाथ में नहीं ले सकता'- SC,10 अहम बातें","भारत","india","hi"
"3523","2018-07-17 11:33:38","बुलेट ट्रेन पर अरबों रुपए खर्च करने की तैयारी, दूध किसानों को सब्सिडी तक नहीं: शिवसेना","भारत","india","hi"
"3526","2018-07-17 11:30:45","भोपाल: प्रदेश में मानसून का कहर जारी, इन शहरों में भारी बारिश का अलर्ट","भारत","india","hi"
"3528","2018-07-17 11:25:46","क्या पिता को दरकिनार कर 'बुआ' को पीएम कुर्सी तक पहुंचाएंगे अखिलेश यादव?","भारत","india","hi"
"3529","2018-07-17 11:16:04","राहुल गांधी पर बयान पड़ा महंगा, मायावती ने अपने नेशनल कॉर्डिनेटर को पद से हटाया","भारत","india","hi"
"3531","2018-07-17 11:06:49","गठबंधन में गांठ: BSP ने कांग्रेस के सामने रखी अनोखी शर्त, Congress की बढ़ी मुश्किलें","भारत","india","hi"
"3533","2018-07-17 10:42:47","रेल यात्री ध्यान दें, पंजाब की ओर जाने वाली 100 से अधिक गाड़ियां प्रभावित","भारत","india","hi"
"3535","2018-07-17 10:34:49","मॉब लिन्चिंग पर सुप्रीम कोर्ट का बड़ा आदेश, केंद्र और राज्य सरकारें कानून बनाएं","भारत","india","hi"
"3537","2018-07-17 10:10:34","पनामा पेपर्स: 1140 करोड़ रुपए की अघोषित संपत्ति मिली, 16 भारतीयों पर मुकदमा दर्ज","भारत","india","hi"
"3539","2018-07-17 10:01:19","MP: शिवराज की जन आशीर्वाद यात्रा के जवाब में कांग्रेस का 'पोल खोल' अभियान","भारत","india","hi"
"3543","2018-07-17 09:41:58","MP: महिला ने बस में दिया बच्‍चे को जन्‍म, नवजात स्‍वस्‍थ, मां की हालत गंभीर","भारत","india","hi"
"3545","2018-07-17 09:26:27","अलर्ट: आज इन राज्यों में हो सकती है भारी बारिश, मौसम विभाग ने जारी की चेतावनी","भारत","india","hi"
"3547","2018-07-17 09:21:00","छत्‍तीसगढ़: सिरफिरे आशिक ने प्रेमिका पर किया हमला, खुद का भी रेता गला","भारत","india","hi"
"3550","2018-07-17 09:20:01","VIDEO : मुंबई की सड़कों पर गड्ढों से गुस्‍साए MNS कार्यकर्ता, मंत्रालय के सामने का फुटपाथ तोड़ डाला","भारत","india","hi"
"3553","2018-07-17 09:14:30","कहीं आपके शहर का नाम तो नहीं बदलने वाला!","भारत","india","hi"
"3558","2018-07-17 13:04:19","कमाई के मामले में अक्षय कुमार ने दी सलमान खान को पटखनी, Forbes की लिस्‍ट से शाहरुख हुए बाहर","मनोरंजन","entertainment","hi"
"3560","2018-07-17 12:40:07","बोल्ड तस्वीरों पर फिर से ट्रोल हुईं हिना खान, यूजर ने पूछा- तुम मुस्लिम ही हो ना...","मनोरंजन","entertainment","hi"
"3562","2018-07-17 12:36:56","वरुण धवन व अनुष्का शर्मा की फिल्म सुई धागा का ट्रेलर अगस्त में रिलीज होगा","मनोरंजन","entertainment","hi"
"3564","2018-07-17 12:03:16","जूही परमार से तलाक के बाद तोड़ी पति ने चुप्‍पी, &'उसे मुझसे कभी प्‍यार नहीं था...&'","मनोरंजन","entertainment","hi"
